"TomCherry", 581.68, 232
"Berenjena", 55.20, 714
"Frambuesa", 2042.30, 83
"Morron", 2961.80, 486
"Lima", 1266.79, 204
"Banana", 68.11, 800
"Melon", 122.02, 368
"Lima", 1346.11, 176
"Durazno", 263.77, 840
"Kiwi", 394.85, 448
"Coliflor", 29.32, 450
"Coliflor", 19.39, 470
"Sandia", 68.69, 900
"Morron", 2854.28, 528
"Cebolla", 78.89, 896
"Mandarina", 26.82, 1010
"Durazno", 275.46, 944
"Naranja", 17.88, 1200
"Durazno", 143.27, 728
"Coliflor", 20.39, 580
"Choclo", 55.15, 264
"Coliflor", 36.19, 530
"Coliflor", 25.89, 570
"Apio", 59.30, 249
"Pera", 129.40, 950
"Lima", 1047.47, 198
"Cebolla", 73.09, 680
"TomCherry", 550.27, 214
"Apio", 52.25, 348
"Apio", 46.85, 327
"Limon", 356.18, 693
"Naranja", 15.57, 820
"Lechuga", 43.41, 1053
"Papa", 12.51, 880
"Repollo", 7.71, 784
"Naranja", 14.16, 1070
"Cereza", 1007.97, 166
"Zanahoria", 29.98, 492
"Naranja", 10.68, 1050
"Mandarina", 21.04, 1000
"Lechuga", 33.36, 918
"Lima", 1246.40, 192
"Ciruela", 974.06, 900
"Zuccini", 91.70, 564
"Cereza", 959.47, 194
"Palta", 1182.36, 444
"Limon", 345.26, 665
"Durazno", 287.54, 680
"Alcachofa", 131.87, 327
"Esparrago", 648.06, 202
"Tomate", 700.20, 909
"Mandarina", 18.61, 1190
"Pomelo", 38.84, 720
"Sandia", 58.65, 918
"Kinoto", 30.30, 220
"Frutilla", 302.19, 246
"Higo", 2428.69, 94
"Durazno", 286.97, 896
"Mandarina", 16.72, 880
"Lima", 1049.23, 218
"Ajo", 926.52, 111
"Manzana", 146.76, 920
"Durazno", 138.12, 896
"Rabanito", 225.34, 318
"Lima", 1269.37, 176
"Frambuesa", 1953.63, 95
"Coliflor", 37.13, 445
"Durazno", 166.92, 856
"Pepino", 38.55, 510
"Acelga", 25.20, 828
"Lima", 1391.30, 200
"Caqui", 831.08, 98
"Cereza", 1025.98, 234
"Mandarina", 19.14, 820
"Apio", 61.52, 279
"Frutilla", 275.48, 351
"Alcachofa", 119.62, 330
"Frutilla", 300.78, 351
"Uva", 723.65, 276
"Pepino", 40.43, 465
"Uva", 716.50, 297
"Tomate", 732.11, 1035
"Zanahoria", 30.13, 576
"Sandia", 54.75, 1026
"Frutilla", 308.25, 279
"Higo", 2483.12, 113
"Pera", 144.11, 1130
"Lima", 1342.50, 238
"Pomelo", 42.60, 1062
"Mandarina", 12.40, 830
"Brocoli", 389.13, 408
"Brocoli", 358.95, 348
"Zuccini", 68.04, 708
"Batata", 23.16, 990
"Cebolla", 75.80, 808
"Banana", 65.17, 1080
"Durazno", 135.40, 904
"Pomelo", 57.59, 927
"Ajo", 872.35, 106
"Banana", 64.82, 1150
"Frambuesa", 2116.65, 116
"Ciruela", 924.90, 954
"Caqui", 793.27, 105
"Rabanito", 210.84, 246
"Lechuga", 38.24, 774
"Caqui", 851.92, 105
"Pepino", 40.91, 520
"Durazno", 173.38, 896
"Papa", 18.27, 1100
"Banana", 59.26, 900
"Batata", 21.48, 1020
"Pepino", 37.21, 540
"Alcachofa", 134.37, 348
"Frutilla", 297.86, 276
"Ajo", 954.70, 107
"Alcachofa", 135.57, 303
"Uva", 726.51, 306
"Berenjena", 43.74, 480
"Durazno", 159.20, 904
"Calabaza", 20.42, 752
"Banana", 81.05, 1120
"Zuccini", 79.69, 642
"Higo", 2581.32, 84
"Rabanito", 214.86, 288
"Coliflor", 27.58, 530
"Naranja", 6.95, 970
"Ciruela", 960.70, 819
"Batata", 15.63, 1170
"Kiwi", 445.43, 412
"Esparrago", 608.17, 176
"Mandarina", 15.94, 1130
"Papa", 27.16, 980
"Champignon", 3655.75, 89
"Cebolla", 69.38, 704
"Frambuesa", 1989.04, 92
"Higo", 2464.64, 119
"Calabaza", 34.17, 640
"Esparrago", 636.30, 192
"Batata", 18.54, 1050
"Palta", 483.51, 550
"Mandarina", 15.24, 1170
"Palta", 1145.49, 348
"Naranja", 10.34, 940
"Champignon", 3554.54, 87
"Coliflor", 33.92, 550
"Alcachofa", 149.99, 312
"Cebolla", 51.51, 672
"Cereza", 1036.05, 210
"Caqui", 816.63, 117
"Lechuga", 36.06, 909
"Pepino", 36.41, 480
"Brocoli", 380.71, 388
"Cereza", 1041.10, 188
"Pomelo", 52.19, 909
"Frutilla", 300.89, 294
"Zuccini", 80.26, 534
"Uva", 711.03, 243
"Caqui", 828.30, 83
"Ciruela", 918.13, 729
"Pera", 149.22, 880
"Zanahoria", 29.90, 504
"Morron", 2965.48, 510
"Rabanito", 227.15, 345
"Cebolla", 77.91, 824
"Choclo", 54.44, 273
"Pera", 151.94, 1130
"Champignon", 3495.64, 83
"Frambuesa", 2038.72, 90
"Mandarina", 19.73, 900
"Choclo", 55.41, 357
"Palta", 1107.67, 368
"Caqui", 812.62, 99
"Pomelo", 48.26, 1071
"Lechuga", 37.61, 855
"Pera", 137.10, 1030
"Repollo", 5.41, 602
"Frutilla", 281.24, 321
"Ajo", 937.77, 104
"TomCherry", 577.54, 210
"Esparrago", 627.36, 234
"Melon", 93.27, 460
"Lima", 1405.58, 214
"Lima", 1347.67, 176
"Pomelo", 41.92, 783
"Ajo", 896.57, 107
"Mandarina", 22.03, 980
"Champignon", 3649.45, 80
"Batata", 18.19, 1050
"Naranja", 12.63, 1060
"Champignon", 3543.20, 99
"Lima", 1032.33, 218
"Berenjena", 57.26, 612
"Choclo", 61.30, 315
"Manzana", 126.27, 1140
"Choclo", 63.27, 324
"Lima", 1273.65, 190
"Champignon", 3583.44, 112
"Acelga", 22.70, 945
"Ciruela", 987.26, 873
"Pomelo", 53.99, 765
"Ciruela", 987.65, 729
"Papa", 13.78, 1150
"Apio", 60.97, 273
"Tomate", 713.94, 918
"Esparrago", 615.08, 160
"Lechuga", 39.78, 828
"Palta", 477.65, 530
"Lechuga", 44.30, 801
"Palta", 1115.27, 464
"Durazno", 275.09, 656
"Pera", 144.16, 1010
"Acelga", 22.38, 1071
"Cebolla", 73.02, 720
"Kinoto", 36.07, 216
"TomCherry", 530.24, 168
"Lima", 990.04, 216
"Durazno", 145.15, 736
"Calabaza", 21.79, 960
"Cereza", 1024.55, 186
"Lima", 1003.99, 170
"Sandia", 52.97, 909
"Durazno", 165.82, 928
"Zuccini", 103.91, 516
"Palta", 1121.60, 472
"Palta", 1131.35, 368
"Frambuesa", 2032.04, 81
"Esparrago", 596.55, 190
"Frambuesa", 2083.17, 85
"Lima", 1015.09, 238
"Rabanito", 214.14, 294
"Champignon", 3640.32, 84
"Durazno", 164.55, 896
"Ajo", 906.81, 95
"Durazno", 166.92, 888
"Rabanito", 234.28, 279
"Tomate", 779.24, 792
"Naranja", 5.58, 1040
"Calabaza", 17.01, 912
"Esparrago", 615.84, 166
"Esparrago", 630.55, 210
"Brocoli", 361.09, 416
"Papa", 22.90, 920
"Kinoto", 32.32, 176
"Sandia", 49.83, 927
"Durazno", 144.34, 784
"Cereza", 1004.51, 206
"Sandia", 56.65, 819
"Higo", 2459.53, 113
"Naranja", 17.90, 1120
"Melon", 103.73, 464
"Esparrago", 593.96, 236
"Coliflor", 25.73, 515
"Zuccini", 75.57, 696
"Melon", 108.12, 416
"Frutilla", 286.34, 303
"Pomelo", 52.98, 828
"Mandarina", 19.44, 1110
"Kinoto", 29.06, 162
"Mandarina", 20.84, 880
"Pera", 147.28, 1100
"Esparrago", 586.34, 240
"Palta", 468.97, 570
"Apio", 63.97, 336
"TomCherry", 543.70, 166
"Pera", 152.45, 1180
"Naranja", 13.54, 1120
"Melon", 107.93, 396
"Melon", 117.25, 348
"Pepino", 43.65, 485
"Champignon", 3653.41, 120
"Zuccini", 92.18, 492
"Mandarina", 20.17, 1120
"Esparrago", 648.44, 172
"Kinoto", 35.91, 160
"Cebolla", 70.38, 816
"Higo", 2512.72, 84
"Brocoli", 357.42, 464
"Esparrago", 665.78, 210
"Lechuga", 49.46, 837
"Palta", 1114.73, 452
"Coliflor", 20.30, 580
"Ciruela", 965.56, 1026
"Limon", 318.80, 700
"Zanahoria", 20.49, 648
"Rabanito", 215.45, 327
"Limon", 307.23, 672
"Uva", 755.31, 258
"Palta", 461.31, 430
"Papa", 15.71, 840
"Tomate", 753.66, 918
"Limon", 327.60, 777
"Cebolla", 64.41, 832
"Champignon", 3524.16, 108
"Naranja", 9.45, 1110
"Frambuesa", 2041.25, 113
"Rabanito", 198.13, 300
"Caqui", 821.11, 118
"Berenjena", 63.33, 588
"Berenjena", 46.98, 672
"Brocoli", 403.25, 348
"Uva", 716.13, 345
"Pera", 167.79, 1030
"Caqui", 842.42, 84
"Repollo", 3.35, 658
"Cereza", 1044.83, 170
"Naranja", 15.83, 1070
"Zanahoria", 33.01, 678
"Uva", 688.42, 282
"Sandia", 62.39, 774
"Durazno", 246.27, 736
"Durazno", 154.01, 696
"Caqui", 797.22, 104
"Champignon", 3546.01, 110
"Cereza", 1039.43, 192
"Pepino", 35.03, 445
"Manzana", 142.25, 870
"Sandia", 72.03, 1044
"Champignon", 3613.85, 81
"Cereza", 1059.17, 194
"Sandia", 44.94, 855
"Coliflor", 22.31, 495
"Lima", 1188.13, 210
"Limon", 310.22, 812
"Durazno", 278.56, 784
"Higo", 2487.16, 94
"Coliflor", 26.80, 565
"Batata", 22.36, 900
"Batata", 20.67, 1180
"Lima", 1362.34, 234
"Alcachofa", 138.21, 309
"Rabanito", 230.03, 342
"Durazno", 287.68, 784
"Lima", 1003.82, 168
"Naranja", 8.00, 1050
"Acelga", 20.50, 999
"Kiwi", 443.05, 448
"Sandia", 51.71, 765
"Durazno", 159.49, 864
"Choclo", 38.05, 267
"Zanahoria", 48.86, 684
"Brocoli", 379.72, 476
"Sandia", 54.32, 774
"Zanahoria", 34.63, 606
"Frutilla", 284.26, 291
"Durazno", 165.77, 696
"Palta", 1229.53, 352
"Tomate", 785.07, 945
"Repollo", 4.14, 735
"Brocoli", 321.86, 328
"Acelga", 30.29, 900
"Alcachofa", 127.51, 327
"Kinoto", 38.01, 198
"Banana", 67.81, 820
"Higo", 2508.96, 85
"Melon", 103.31, 440
"Frutilla", 307.61, 255
"Rabanito", 214.90, 303
"Lima", 1252.01, 230
"Durazno", 273.42, 800
"Higo", 2543.74, 90
"Cereza", 1042.82, 198
"Calabaza", 15.92, 840
"Acelga", 20.54, 801
"Rabanito", 195.62, 318
"Champignon", 3486.46, 97
"Choclo", 63.41, 303
"Palta", 539.58, 560
"Papa", 7.88, 820
"Caqui", 828.90, 88
"Lima", 1362.09, 164
"Manzana", 138.13, 1140
"Mandarina", 22.89, 850
"Lima", 1012.87, 176
"Champignon", 3613.99, 94
"Esparrago", 637.67, 208
"Cebolla", 62.19, 864
"Berenjena", 58.97, 588
"Sandia", 62.99, 954
"Calabaza", 28.66, 944
"Zanahoria", 34.36, 690
"Cereza", 1058.46, 198
"Batata", 20.79, 920
"Acelga", 23.43, 819
"Kiwi", 408.17, 468
"Manzana", 146.48, 1020
"Pomelo", 44.61, 1008
"Durazno", 261.65, 864
"Limon", 308.85, 602
"Sandia", 48.83, 738
"Lima", 1345.32, 216
"Lima", 1407.37, 210
"Rabanito", 236.03, 282
"Lechuga", 45.12, 792
"Cereza", 978.30, 236
"Durazno", 169.01, 880
"Pepino", 39.49, 505
"Cebolla", 79.33, 784
"Higo", 2375.71, 111
"Pepino", 28.81, 415
"Higo", 2400.22, 102
"Pera", 146.15, 900
"Frutilla", 295.09, 312
"Apio", 70.20, 309
"Zanahoria", 32.12, 696
"Papa", 21.42, 980
"Pera", 164.98, 910
"Caqui", 817.17, 104
"Ajo", 909.07, 116
"Pera", 129.67, 850
"Higo", 2493.72, 119
"Palta", 1173.10, 372
"Champignon", 3515.74, 91
"Repollo", 2.95, 805
"Uva", 650.92, 318
"Batata", 5.56, 1090
"Zanahoria", 35.77, 630
"Mandarina", 18.06, 1040
"TomCherry", 564.75, 206
"Calabaza", 21.58, 720
"Limon", 315.47, 826
"Caqui", 811.28, 93
"Esparrago", 567.62, 204
"Coliflor", 20.39, 505
"Pera", 164.97, 910
"Pomelo", 43.46, 810
"Berenjena", 60.25, 708
"Brocoli", 375.90, 452
"Morron", 2972.12, 582
"Ajo", 884.49, 116
"Caqui", 807.34, 82
"Frambuesa", 2105.19, 89
"Cereza", 1028.78, 226
"Mandarina", 24.26, 1190
"Limon", 317.28, 770
"Calabaza", 22.97, 824
"Pomelo", 52.87, 1044
"Frutilla", 292.99, 297
"Rabanito", 226.40, 240
"Durazno", 266.61, 800
"Ciruela", 977.31, 1053
"Durazno", 263.92, 800
"Lima", 1019.21, 194
"Palta", 497.79, 530
"Coliflor", 30.99, 525
"Frutilla", 297.09, 327
"Frambuesa", 2096.17, 97
"Apio", 65.30, 288
"Palta", 1145.23, 388
"Caqui", 769.36, 84
"Durazno", 263.58, 864
"Kinoto", 39.57, 170
"Melon", 120.92, 416
"Berenjena", 61.56, 558
"Higo", 2512.01, 110
"Zuccini", 70.97, 600
"Lima", 1214.04, 164
"Lima", 1405.26, 216
"Cereza", 1044.96, 200
"Sandia", 70.72, 837
"Batata", 29.49, 1040
"Morron", 2909.70, 480
"Pomelo", 41.66, 1008
"Kiwi", 425.25, 432
"Sandia", 61.32, 891
"Esparrago", 630.28, 202
"Cebolla", 58.40, 816
"Morron", 2971.68, 624
"Ciruela", 952.45, 801
"Champignon", 3597.88, 119
"Apio", 58.55, 258
"Repollo", 7.27, 693
"Morron", 3038.22, 582
"Lechuga", 34.18, 900
"Apio", 54.89, 345
"Manzana", 123.23, 910
"Banana", 43.31, 810
"Ajo", 913.85, 94
"Apio", 61.81, 240
"Berenjena", 55.44, 546
"Palta", 1133.02, 428
"Palta", 498.75, 535
"Kiwi", 450.25, 376
"Morron", 2936.44, 708
"Mandarina", 10.66, 1120
"Melon", 118.18, 456
"Pomelo", 35.93, 738
"Durazno", 134.31, 904
"Naranja", 14.76, 960
"Durazno", 156.33, 712
"Kinoto", 32.89, 238
"Sandia", 55.63, 1080
"Zuccini", 78.35, 516
"Naranja", 11.77, 1090
"Durazno", 150.12, 640
"Cereza", 966.28, 182
"Ciruela", 902.58, 909
"Sandia", 47.21, 819
"Calabaza", 18.98, 880
"Kiwi", 439.90, 340
"Uva", 719.56, 261
"Kinoto", 36.96, 236
"Caqui", 838.24, 107
"Pera", 124.91, 1000
"Uva", 706.89, 285
"Acelga", 16.36, 918
"Apio", 55.21, 285
"Naranja", 19.19, 1020
"Esparrago", 664.57, 226
"Lima", 1355.48, 200
"Papa", 16.93, 810
"Pepino", 42.44, 405
"Lima", 1167.73, 240
"Calabaza", 20.28, 656
"Mandarina", 30.89, 880
"Champignon", 3535.96, 102
"Pepino", 35.69, 400
"Ajo", 930.46, 87
"Durazno", 263.99, 824
"TomCherry", 540.41, 164
"Papa", 11.69, 830
"Zanahoria", 30.37, 648
"Ajo", 935.85, 99
"Rabanito", 243.57, 264
"Pepino", 42.76, 470
"Kinoto", 24.79, 220
"Durazno", 176.85, 680
"Manzana", 142.04, 820
"Lima", 1239.28, 212
"Ajo", 902.91, 86
"Durazno", 253.70, 792
"Pera", 151.51, 1180
"Frambuesa", 2011.58, 102
"Kiwi", 437.82, 364
"Tomate", 744.72, 729
"Batata", 16.22, 1080
"Palta", 470.55, 400
"Papa", 21.66, 940
"Limon", 331.04, 798
"Acelga", 24.72, 882
"Apio", 65.16, 351
"Kinoto", 44.59, 230
"Mandarina", 22.25, 970
"Durazno", 162.37, 696
"Champignon", 3653.93, 88
"Lechuga", 39.22, 756
"Pomelo", 59.23, 792
"Berenjena", 55.29, 630
"Alcachofa", 133.94, 330
"Manzana", 138.82, 1200
"Kiwi", 461.48, 368
"Kiwi", 404.17, 480
"Frutilla", 312.48, 291
"Higo", 2473.39, 110
"Kiwi", 415.12, 424
"Acelga", 36.10, 819
"Lima", 1034.18, 178
"Durazno", 171.42, 920
"Lima", 1376.51, 240
"Cereza", 1046.29, 208
"Pomelo", 47.86, 783
"Durazno", 163.40, 824
"Lechuga", 43.88, 846
"Durazno", 130.71, 688
"Durazno", 156.57, 888
"Choclo", 66.87, 276
"Brocoli", 325.57, 328
"Pepino", 41.23, 465
"Melon", 99.02, 468
"Pepino", 29.38, 530
"TomCherry", 532.19, 162
"Mandarina", 15.29, 890
"Banana", 77.84, 830
"Zanahoria", 41.38, 660
"Durazno", 174.52, 920
"Brocoli", 350.71, 440
"Brocoli", 369.39, 384
"Choclo", 43.93, 357
"TomCherry", 549.64, 190
"Palta", 469.23, 565
"TomCherry", 530.26, 172
"Esparrago", 609.48, 202
"Repollo", 4.42, 777
"Morron", 2893.33, 678
"Mandarina", 19.65, 1130
"Ciruela", 1060.73, 900
"Banana", 58.11, 1130
"Manzana", 142.47, 910
"Batata", 19.83, 890
"Repollo", 7.29, 616
"Lima", 1222.39, 238
"Apio", 63.54, 354
"Naranja", 17.20, 890
"Berenjena", 53.20, 516
"Lima", 1305.33, 192
"Palta", 1103.50, 320
"Rabanito", 215.71, 243
"Durazno", 145.29, 840
"Palta", 468.70, 600
"Zuccini", 90.59, 696
"Higo", 2466.16, 103
"Berenjena", 51.94, 504
"Morron", 2928.94, 648
"Durazno", 144.61, 640
"Frambuesa", 2055.28, 118
"Calabaza", 21.26, 952
"Cebolla", 72.75, 888
"Pepino", 30.95, 575
"Repollo", 3.49, 567
"TomCherry", 559.96, 176
"Coliflor", 36.05, 450
"Durazno", 265.73, 808
"Pera", 140.26, 1160
"Papa", 18.65, 930
"Lima", 1432.39, 234
"Lima", 1355.31, 236
"Champignon", 3665.25, 120
"Kiwi", 464.57, 452
"Kiwi", 409.16, 432
"Cereza", 1001.87, 216
"Melon", 105.09, 460
"Apio", 46.63, 303
"Pepino", 34.54, 590
"Pomelo", 45.67, 846
"Sandia", 58.36, 1026
"Lechuga", 38.16, 783
"Higo", 2477.38, 102
"Rabanito", 210.82, 294
"Naranja", 9.64, 910
"Caqui", 867.90, 109
"Choclo", 60.60, 306
"Banana", 73.97, 1020
"Uva", 675.31, 282
"Mandarina", 10.54, 800
"Durazno", 156.10, 752
"TomCherry", 531.31, 230
"Berenjena", 54.90, 672
"Rabanito", 225.90, 279
"Naranja", 16.58, 980
"Alcachofa", 136.44, 273
"Brocoli", 396.69, 480
"Pepino", 37.14, 465
"TomCherry", 527.60, 218
"Esparrago", 604.58, 182
"Alcachofa", 125.91, 297
"Pera", 171.48, 860
"Caqui", 868.75, 85
"Manzana", 139.69, 970
"Durazno", 134.72, 768
"Naranja", 10.18, 1130
"Kiwi", 457.08, 380
"Zuccini", 75.07, 684
"Calabaza", 21.36, 712
"Tomate", 709.07, 747
"Naranja", 25.04, 1180
"Higo", 2551.01, 109
"Pera", 128.64, 1030
"Lima", 1213.97, 206
"Cebolla", 64.94, 736
"Cebolla", 69.54, 728
"Morron", 2946.68, 654
"Morron", 2919.43, 558
"Repollo", 2.97, 679
"Ajo", 887.99, 84
"Melon", 98.11, 328
"Choclo", 59.26, 321
"Pera", 149.64, 800
"Higo", 2463.67, 103
"Alcachofa", 128.00, 282
"Durazno", 152.64, 904
"Alcachofa", 136.87, 282
"Pepino", 45.17, 435
"Tomate", 782.75, 990
"Uva", 700.74, 306
"Pera", 143.75, 1000
"Sandia", 65.04, 891
"Naranja", 14.48, 1190
"Acelga", 21.53, 1008
"Durazno", 175.50, 768
"Pera", 132.23, 1120
"Zuccini", 72.22, 666
"Zanahoria", 37.70, 570
"Champignon", 3637.22, 106
"Palta", 477.56, 575
"Coliflor", 18.28, 500
"Mandarina", 23.10, 840
"Mandarina", 13.56, 1030
"Sandia", 54.11, 1071
"Naranja", 8.43, 900
"Pera", 161.21, 1150
"Tomate", 701.19, 882
"Kiwi", 450.36, 376
"Kinoto", 28.88, 190
"Mandarina", 18.38, 1120
"Durazno", 177.00, 896
"Durazno", 157.10, 672
"Apio", 47.26, 273
"Naranja", 5.54, 820
"Esparrago", 600.00, 192
"Lima", 1233.01, 202
"Ajo", 904.79, 81
"Limon", 350.82, 630
"Rabanito", 225.00, 348
"Acelga", 22.23, 738
"Zanahoria", 32.86, 618
"Palta", 471.52, 465
"Durazno", 159.87, 960
"Lima", 1019.64, 200
"Mandarina", 18.58, 1010
"Alcachofa", 148.24, 306
"Cebolla", 54.97, 776
"Zanahoria", 42.96, 504
"Kiwi", 438.36, 348
"Rabanito", 237.51, 303
"Brocoli", 376.99, 420
"Palta", 1166.33, 456
"Caqui", 812.92, 86
"Naranja", 14.35, 890
"Manzana", 146.94, 970
"Melon", 102.87, 412
"Ciruela", 979.33, 954
"Cereza", 1009.52, 188
"Ciruela", 932.90, 1053
"Palta", 482.13, 565
"Uva", 719.14, 360
"Alcachofa", 162.24, 360
"Mandarina", 21.34, 1060
"Morron", 2964.28, 678
"Banana", 76.76, 1190
"Coliflor", 29.21, 440
"Coliflor", 24.98, 515
"Palta", 1154.43, 440
"Zanahoria", 47.78, 720
"Coliflor", 27.70, 460
"Batata", 19.59, 1180
"Batata", 17.49, 1170
"Lima", 1217.59, 176
"Caqui", 813.46, 101
"Durazno", 264.96, 776
"Durazno", 261.76, 776
"Banana", 62.63, 850
"Cebolla", 61.80, 664
"Zuccini", 87.12, 618
"Mandarina", 12.10, 1130
"Lima", 964.42, 194
"Mandarina", 17.90, 1010
"Kiwi", 447.17, 392
"Mandarina", 11.98, 990
"Higo", 2429.44, 109
"Kinoto", 33.89, 168
"Alcachofa", 157.40, 318
"Choclo", 46.90, 246
"Higo", 2524.76, 86
"Manzana", 135.71, 980
"Lima", 1369.35, 166
"Manzana", 126.96, 910
"Apio", 59.24, 357
"Zanahoria", 36.68, 504
"Banana", 63.32, 960
"Pepino", 28.41, 465
"Ciruela", 977.45, 1035
"Durazno", 138.99, 688
"Repollo", 6.76, 567
"Banana", 56.13, 1190
"Mandarina", 20.97, 940
"Esparrago", 648.42, 204
"Banana", 65.55, 970
"Calabaza", 19.43, 656
"Palta", 485.35, 400
"Naranja", 13.52, 900
"Brocoli", 325.88, 452
"Apio", 63.35, 258
"Naranja", 8.03, 810
"Pomelo", 50.52, 765
"Tomate", 743.36, 855
"Acelga", 20.74, 936
"Banana", 63.32, 840
"Repollo", 1.76, 721
"Zanahoria", 22.77, 624
"Zanahoria", 37.90, 720
"Mandarina", 8.91, 960
"Durazno", 162.81, 760
"Pomelo", 51.18, 765
"Palta", 461.72, 595
"Frutilla", 315.96, 246
"Papa", 14.30, 1180
"Naranja", 10.03, 930
"Pomelo", 47.77, 1062
"Durazno", 131.59, 672
"TomCherry", 569.12, 220
"Uva", 695.45, 249
"Apio", 65.22, 291
"Choclo", 64.37, 297
"Lima", 1371.31, 204
"Cebolla", 76.11, 880
"TomCherry", 570.86, 198
"Kinoto", 28.87, 240
"Cebolla", 68.11, 880
"Frutilla", 281.01, 315
"Lechuga", 39.00, 972
"Frambuesa", 2033.05, 107
"Cebolla", 63.08, 768
"Cereza", 1050.59, 174
"Pomelo", 49.92, 1044
"Banana", 69.25, 870
"Brocoli", 366.41, 360
"Coliflor", 23.77, 600
"Ciruela", 990.57, 864
"Tomate", 736.87, 945
"Zanahoria", 34.26, 558
"Melon", 121.50, 456
"Papa", 11.95, 1100
"Berenjena", 56.48, 630
"Esparrago", 659.01, 226
"Lechuga", 44.37, 792
"Brocoli", 357.60, 324
"Apio", 60.25, 303
"Pepino", 28.42, 540
"Kinoto", 30.45, 180
"Durazno", 197.12, 696
"Alcachofa", 133.58, 288
"Durazno", 152.35, 784
"Mandarina", 15.78, 1150
"Naranja", 10.88, 1190
"Mandarina", 14.00, 870
"Tomate", 752.09, 792
"Tomate", 772.08, 729
"Naranja", 17.14, 960
"Kinoto", 33.19, 182
"Champignon", 3634.42, 116
"Repollo", 4.41, 581
"Morron", 2949.66, 654
"Acelga", 27.59, 972
"Acelga", 13.67, 1044
"Ajo", 948.94, 88
"Melon", 90.53, 384
"Mandarina", 24.76, 940
"Pepino", 37.43, 595
"Apio", 58.62, 345
"Palta", 462.83, 505
"Frutilla", 291.06, 324
"Cereza", 1034.64, 174
"Cereza", 1029.25, 168
"Acelga", 23.25, 801
"Brocoli", 382.79, 428
"Papa", 11.87, 1180
"Rabanito", 201.13, 270
"Calabaza", 20.61, 832
"Papa", 13.76, 1180
"Durazno", 268.74, 872
"Batata", 16.74, 940
"Palta", 506.52, 525
"Pomelo", 59.33, 873
"Naranja", 15.20, 1050
"Esparrago", 661.83, 204
"Cebolla", 66.76, 720
"Esparrago", 636.54, 196
"Melon", 126.48, 400
"Lima", 1034.31, 168
"Banana", 69.20, 930
"Frambuesa", 2006.34, 111
"Coliflor", 27.19, 525
"Caqui", 842.11, 80
"Pera", 150.96, 870
"Mandarina", 18.48, 960
"Coliflor", 34.65, 565
"Durazno", 281.40, 832
"Durazno", 131.08, 832
"Lima", 1222.02, 240
"TomCherry", 564.12, 208
"Esparrago", 637.93, 230
"TomCherry", 567.85, 202
"Higo", 2486.12, 114
"Papa", 18.88, 870
"Durazno", 142.10, 656
"Mandarina", 24.20, 1070
"Pepino", 30.60, 520
"Limon", 306.18, 840
"Alcachofa", 127.44, 261
"Rabanito", 221.34, 285
"Cebolla", 60.40, 696
"Batata", 18.86, 860
"Mandarina", 11.74, 1080
"Batata", 25.94, 1050
"Naranja", 12.26, 1080
"Limon", 304.18, 777
"Mandarina", 11.99, 880
"Pera", 149.38, 850
"Melon", 93.06, 364
"Zanahoria", 21.52, 564
"Higo", 2508.76, 88
"Cebolla", 63.53, 800
"Durazno", 260.10, 816
"Berenjena", 50.75, 654
"Lima", 1037.92, 210
"Apio", 55.22, 330
"Rabanito", 209.74, 327
"Pera", 148.66, 840
"TomCherry", 521.90, 190
"Frutilla", 276.44, 252
"Kinoto", 25.79, 226
"Acelga", 18.77, 909
"Manzana", 132.39, 1090
"Batata", 20.01, 870
"Pera", 137.95, 950
"Zanahoria", 38.03, 672
"Papa", 15.53, 840
"Lima", 997.38, 240
"Repollo", 5.90, 798
"Durazno", 162.89, 896
"Lima", 1004.15, 216
"Cereza", 989.07, 174
"TomCherry", 509.88, 236
"Manzana", 132.67, 950
"Caqui", 874.33, 80
"Acelga", 29.87, 954
"TomCherry", 576.22, 204
"Cebolla", 60.23, 816
"Frambuesa", 2034.74, 120
"Limon", 308.78, 833
"Higo", 2498.06, 87
"Brocoli", 369.17, 472
"Champignon", 3652.61, 119
"Durazno", 156.50, 824
"Pera", 138.35, 900
"Durazno", 253.05, 712
"Lima", 1231.74, 164
"Papa", 12.67, 1100
"Ciruela", 951.91, 954
"Lima", 1009.13, 186
"Pera", 164.54, 990
"Apio", 44.02, 342
"Frambuesa", 2142.67, 94
"Manzana", 116.92, 1150
"Kinoto", 23.68, 178
"Choclo", 58.79, 312
"Brocoli", 353.14, 320
"Palta", 1190.79, 376
"Batata", 22.32, 1120
"Cebolla", 77.65, 928
"Frutilla", 304.62, 291
"Repollo", 5.99, 623
"Kinoto", 35.96, 194
"Acelga", 23.27, 999
"Cebolla", 64.24, 704
"Pomelo", 47.89, 1017
"Papa", 10.00, 1170
"Kiwi", 414.48, 400
"Lechuga", 39.01, 1017
"Berenjena", 61.81, 636
"Naranja", 19.63, 810
"Apio", 62.45, 351
"Apio", 63.72, 324
"Repollo", 5.92, 742
"Frambuesa", 2041.80, 84
"Ciruela", 976.10, 1044
"Caqui", 801.92, 81
"Apio", 42.17, 327
"Esparrago", 622.78, 230
"Acelga", 22.22, 972
"Naranja", 16.53, 1110
"Kiwi", 419.11, 376
"Pomelo", 30.13, 729
"Calabaza", 27.99, 816
"Banana", 76.31, 810
"Coliflor", 30.99, 425
"Apio", 59.16, 288
"Durazno", 168.21, 640
"Repollo", 5.02, 602
"Limon", 307.00, 658
"Repollo", 5.08, 637
"Naranja", 11.37, 1060
"TomCherry", 519.37, 186
"Calabaza", 16.26, 704
"Rabanito", 224.21, 258
"Naranja", 17.21, 970
"Kinoto", 39.62, 166
"Naranja", 12.75, 930
"Naranja", 12.27, 1180
"Pomelo", 57.67, 810
"Repollo", 3.47, 658
"Papa", 26.43, 1180
"Melon", 115.64, 404
"Durazno", 155.90, 768
"Lima", 1022.33, 208
"Lechuga", 35.91, 1080
"Palta", 487.24, 515
"Batata", 22.73, 830
"Cebolla", 57.62, 912
"Lechuga", 45.12, 846
"Tomate", 740.68, 1062
"Uva", 706.33, 252
"Papa", 9.09, 850
"Mandarina", 19.15, 980
"Mandarina", 10.76, 820
"Alcachofa", 135.79, 279
"Zanahoria", 42.96, 546
"Uva", 685.44, 354
"Ciruela", 986.39, 1044
"Ajo", 961.21, 86
"Batata", 15.04, 970
"Sandia", 60.27, 972
"Mandarina", 10.46, 990
"Frutilla", 278.76, 330
"Kiwi", 456.88, 416
"Brocoli", 394.45, 320
"Frambuesa", 2080.34, 109
"Pepino", 46.79, 470
"Zanahoria", 34.63, 540
"Coliflor", 24.79, 465
"Uva", 703.45, 318
"Banana", 81.73, 1170
"Frutilla", 264.63, 315
"Limon", 316.16, 595
"Palta", 1183.50, 412
"Higo", 2524.53, 80
"Repollo", 4.15, 805
"Palta", 1124.03, 420
"Melon", 104.33, 412
"Durazno", 272.25, 776
"Acelga", 20.14, 864
"Coliflor", 24.80, 440
"Frambuesa", 2035.84, 118
"Acelga", 18.02, 747
"Limon", 317.57, 728
"Morron", 2870.32, 672
"Mandarina", 3.42, 1130
"Coliflor", 35.22, 420
"Alcachofa", 154.71, 300
"Lechuga", 35.70, 900
"Zanahoria", 31.60, 564
"Zanahoria", 36.16, 576
"Palta", 1083.75, 416
"Ciruela", 973.34, 981
"Palta", 490.88, 480
"Naranja", 10.04, 1070
"Naranja", 17.61, 970
"Brocoli", 351.36, 456
"Palta", 1087.35, 408
"Ajo", 888.78, 81
"Pomelo", 48.56, 720
"Mandarina", 10.83, 990
"Cebolla", 68.19, 712
"Durazno", 172.68, 720
"Calabaza", 18.10, 768
"Higo", 2492.99, 119
"Durazno", 160.50, 688
"Naranja", 13.62, 1020
"Manzana", 151.31, 1110
"Sandia", 41.47, 846
"Cebolla", 54.11, 784
"Pepino", 42.68, 470
"Limon", 320.66, 616
"Zuccini", 98.94, 576
"Coliflor", 33.19, 555
"Mandarina", 28.53, 960
"Limon", 349.76, 602
"Morron", 2940.95, 534
"Coliflor", 22.55, 540
"Berenjena", 46.81, 600
"Cebolla", 57.34, 824
"Durazno", 131.13, 888
"Coliflor", 19.67, 540
"Palta", 490.21, 580
"Naranja", 15.94, 1140
"Higo", 2502.72, 118
"Mandarina", 9.97, 1040
"Cereza", 1042.10, 170
"Naranja", 14.83, 820
"Rabanito", 233.38, 297
"Naranja", 9.66, 860
"Frambuesa", 2054.05, 107
"Naranja", 17.98, 950
"Frambuesa", 2061.07, 86
"Frambuesa", 2016.90, 98
"Manzana", 142.70, 1190
"Cereza", 1050.61, 194
"Durazno", 133.86, 824
"Pepino", 17.14, 540
"Ciruela", 984.00, 765
"Champignon", 3710.42, 90
"Zanahoria", 38.48, 612
"Lima", 1027.49, 238
"Durazno", 165.75, 704
"Zanahoria", 33.06, 546
"Durazno", 165.75, 800
"Pomelo", 42.83, 1071
"Sandia", 55.89, 837
"Frutilla", 274.62, 327
"Mandarina", 12.04, 1040
"Cereza", 1029.58, 162
"Morron", 3009.38, 630
"Choclo", 57.52, 360
"Higo", 2543.13, 116
"Manzana", 142.32, 1040
"Lima", 1040.49, 226
"TomCherry", 563.14, 240
"Tomate", 786.70, 1071
"Palta", 475.74, 590
"Ciruela", 1002.19, 1062
"Higo", 2579.56, 102
"Durazno", 170.81, 752
"Palta", 456.57, 495
"Limon", 324.01, 756
"Kiwi", 430.22, 476
"Lima", 1166.41, 200
"Melon", 118.26, 376
"Limon", 359.12, 581
"Pomelo", 53.10, 729
"Lima", 1420.52, 236
"Morron", 2942.20, 594
"Lima", 1066.22, 226
"Champignon", 3521.85, 81
"Ajo", 867.56, 80
"Mandarina", 16.37, 830
"TomCherry", 543.16, 232
"Calabaza", 20.74, 888
"Durazno", 157.45, 784
"Zuccini", 91.81, 684
"Lima", 1402.78, 218
"Zanahoria", 27.05, 582
"Champignon", 3631.49, 98
"Lechuga", 44.94, 891
"TomCherry", 545.87, 220
"Repollo", 5.19, 658
"Papa", 15.11, 1120
"Durazno", 146.19, 696
"Berenjena", 43.75, 540
"Durazno", 294.50, 880
"Frutilla", 267.53, 285
"Choclo", 66.55, 333
"Frambuesa", 2035.26, 107
"TomCherry", 547.55, 208
"TomCherry", 540.14, 238
"Manzana", 127.11, 1000
"Higo", 2536.43, 96
"Ciruela", 1022.59, 864
"Berenjena", 54.39, 708
"Ajo", 901.84, 97
"Pepino", 39.55, 490
"Ajo", 906.78, 108
"Naranja", 15.51, 1160
"Pepino", 49.62, 435
"Mandarina", 26.26, 900
"Uva", 747.36, 285
"Esparrago", 628.47, 230
"Papa", 23.43, 990
"Durazno", 293.42, 768
"Naranja", 13.67, 1180
"Ciruela", 975.20, 936
"Ajo", 912.22, 106
"Naranja", 19.93, 1110
"Pepino", 24.44, 450
"Caqui", 852.52, 112
"Caqui", 847.12, 92
"Naranja", 21.37, 1110
"Ajo", 885.09, 92
"Tomate", 738.90, 909
"Banana", 53.04, 1010
"Limon", 344.11, 770
"Palta", 501.08, 480
"Higo", 2470.80, 101
"Frambuesa", 2107.80, 92
"Pomelo", 57.50, 873
"Zanahoria", 29.45, 552
"Lima", 1015.03, 178
"Higo", 2532.33, 88
"Naranja", 11.71, 1040
"Pepino", 33.14, 545
"Zanahoria", 23.96, 498
"Rabanito", 226.10, 312
"TomCherry", 531.17, 238
"Banana", 66.31, 1070
"Morron", 2882.61, 714
"Durazno", 164.00, 960
"Durazno", 146.43, 760
"Ajo", 874.05, 100
"Pera", 146.82, 1000
"Ajo", 909.18, 85
"Durazno", 150.14, 896
"Apio", 53.39, 333
"Lima", 1381.87, 172
"Tomate", 739.87, 810
"Palta", 1128.87, 348
"Palta", 484.30, 480
"Apio", 50.31, 360
"Palta", 472.05, 555
"Repollo", 7.21, 560
"Brocoli", 348.81, 476
"Papa", 14.71, 930
"TomCherry", 523.69, 206
"Apio", 52.55, 261
"Naranja", 16.81, 1060
"Alcachofa", 136.58, 321
"Choclo", 54.96, 315
"Frambuesa", 2023.50, 104
"Esparrago", 643.65, 176
"Melon", 89.48, 336
"Manzana", 131.73, 850
"Lechuga", 31.72, 918
"Zuccini", 74.88, 534
"Tomate", 716.67, 855
"Ajo", 880.62, 80
"Rabanito", 236.91, 273
"Batata", 17.05, 880
"Repollo", 3.77, 763
"Cebolla", 61.01, 784
"Naranja", 9.54, 1130
"Pomelo", 50.03, 765
"Ciruela", 969.32, 999
"Sandia", 59.96, 765
"Brocoli", 358.95, 348
"Lima", 1087.29, 224
"Naranja", 21.54, 830
"Tomate", 730.85, 837
"Lima", 1041.24, 194
"Higo", 2500.68, 85
"Naranja", 14.29, 910
"Frambuesa", 2028.84, 102
"Kinoto", 36.52, 216
"Lima", 1065.19, 198
"Manzana", 144.56, 1120
"Morron", 2900.56, 612
"Cebolla", 63.53, 704
"Sandia", 76.05, 819
"Limon", 317.99, 812
"Manzana", 159.13, 1160
"Apio", 60.24, 249
"Zanahoria", 38.28, 552
"Durazno", 161.53, 664
"Sandia", 58.29, 1044
"Limon", 312.02, 819
"Pepino", 35.88, 530
"Kinoto", 39.95, 240
"Kinoto", 33.29, 214
"Lima", 1280.14, 178
"Frambuesa", 2144.05, 120
"Cereza", 1056.97, 180
"Melon", 96.87, 328
"Kiwi", 406.85, 440
"Lima", 1298.37, 228
"Palta", 1097.99, 324
"Manzana", 121.63, 940
"Acelga", 20.10, 828
"Mandarina", 28.01, 900
"Tomate", 736.78, 981
"Zuccini", 74.85, 636
"Mandarina", 9.05, 1140
"Durazno", 282.46, 960
"Mandarina", 17.12, 840
"Caqui", 847.83, 117
"Naranja", 19.45, 830
"Calabaza", 20.80, 736
"Cebolla", 69.56, 752
"Durazno", 309.08, 672
"Durazno", 147.07, 936
"Melon", 111.44, 472
"Kiwi", 397.78, 456
"Brocoli", 369.87, 460
"Palta", 1181.67, 348
"Frutilla", 319.50, 246
"Durazno", 127.64, 656
"Lechuga", 46.59, 774
"Limon", 326.66, 630
"Kiwi", 420.17, 384
"Palta", 1166.77, 352
"Repollo", 5.66, 826
"Zanahoria", 33.00, 714
"Naranja", 15.44, 880
"TomCherry", 549.88, 220
"Papa", 7.07, 1050
"Higo", 2615.16, 118
"Banana", 56.12, 840
"Morron", 2924.13, 654
"Mandarina", 11.38, 1200
"Durazno", 240.97, 864
"Palta", 497.46, 430
"Caqui", 830.12, 104
"Berenjena", 40.20, 654
"Morron", 2898.00, 486
"Zanahoria", 33.18, 654
"Cereza", 1033.99, 228
"Uva", 751.06, 291
"Pera", 152.86, 870
"Naranja", 9.64, 1090
"Acelga", 22.25, 963
"Zanahoria", 32.83, 684
"Higo", 2514.82, 105
"Uva", 695.61, 345
"Pomelo", 28.34, 1035
"Cereza", 1038.52, 168
"Frambuesa", 2081.91, 88
"Mandarina", 26.49, 1130
"Ajo", 909.76, 113
"Pomelo", 48.23, 990
"Durazno", 260.75, 760
"Coliflor", 31.53, 495
"Papa", 9.50, 1090
"Pepino", 32.01, 405
"Banana", 65.77, 880
"Ajo", 930.84, 87
"Melon", 103.25, 424
"Zanahoria", 31.98, 570
"Zuccini", 67.96, 678
"TomCherry", 538.41, 202
"Frambuesa", 2069.51, 96
"Frutilla", 277.21, 279
"Repollo", 7.31, 812
"Choclo", 52.96, 345
"Lima", 1070.24, 234
"Lima", 1394.30, 160
"Higo", 2483.53, 92
"Morron", 2980.58, 642
"Frambuesa", 2097.66, 108
"Frutilla", 290.90, 312
"Palta", 1109.75, 368
"Coliflor", 38.63, 430
"Rabanito", 249.41, 294
"Cebolla", 59.07, 672
"Batata", 20.34, 950
"Cereza", 1007.20, 222
"Pepino", 34.36, 540
"Choclo", 68.37, 324
"Coliflor", 31.16, 490
"Alcachofa", 129.07, 270
"Uva", 735.42, 312
"Ajo", 886.48, 96
"Limon", 295.68, 588
"Frutilla", 292.76, 240
"Zanahoria", 24.41, 498
"Mandarina", 22.66, 890
"Alcachofa", 147.73, 279
"Calabaza", 16.22, 648
"Cereza", 1030.41, 236
"Naranja", 13.50, 1030
"Batata", 17.51, 1190
"Rabanito", 231.83, 273
"Mandarina", 9.62, 820
"Manzana", 121.43, 1130
"Champignon", 3513.00, 106
"Papa", 13.76, 920
"Durazno", 182.30, 672
"Ciruela", 966.03, 873
"Durazno", 271.19, 936
"Apio", 65.15, 306
"Zuccini", 81.66, 618
"Pomelo", 43.22, 882
"Calabaza", 21.72, 848
"Pera", 144.13, 830
"Kinoto", 32.47, 216
"Mandarina", 14.69, 1100
"Pera", 155.72, 930
"Palta", 483.45, 420
"Banana", 72.21, 850
"Pera", 151.80, 850
"Palta", 503.98, 550
"Calabaza", 21.27, 960
"Lima", 1225.78, 190
"Champignon", 3771.92, 107
"Choclo", 48.14, 276
"Coliflor", 35.35, 530
"Esparrago", 582.53, 228
"Pera", 146.83, 870
"Ciruela", 916.11, 954
"Papa", 20.75, 1050
"Durazno", 167.44, 640
"Limon", 298.62, 672
"Uva", 683.93, 282
"TomCherry", 548.47, 240
"Lima", 1051.80, 224
"Repollo", 4.77, 672
"Zuccini", 76.16, 684
"Frutilla", 293.79, 285
"Rabanito", 211.29, 285
"Lima", 1236.47, 228
"Kinoto", 42.43, 240
"Papa", 14.31, 1090
"Cereza", 1088.16, 220
"Coliflor", 22.49, 545
"Esparrago", 666.30, 180
"Calabaza", 16.90, 832
"Choclo", 53.79, 351
"Acelga", 23.45, 1035
"Mandarina", 17.07, 860
"Palta", 499.96, 515
"Apio", 46.18, 345
"Apio", 72.30, 288
"Durazno", 143.99, 656
"Mandarina", 18.07, 870
"Lima", 1060.22, 182
"Mandarina", 18.95, 960
"Ajo", 909.83, 84
"Frutilla", 286.93, 303
"Apio", 49.63, 321
"Coliflor", 22.69, 590
"Cereza", 996.64, 220
"Papa", 16.78, 1130
"Rabanito", 233.65, 357
"Cereza", 1046.86, 174
"TomCherry", 549.00, 228
"Lima", 1090.96, 198
"Mandarina", 13.90, 1150
"Kiwi", 442.27, 388
"Champignon", 3635.37, 90
"Champignon", 3576.57, 92
"Manzana", 149.38, 1010
"Palta", 484.19, 580
"Lima", 1075.68, 222
"Sandia", 57.83, 837
"Acelga", 18.89, 981
"Kiwi", 417.30, 388
"Berenjena", 53.71, 486
"Mandarina", 23.06, 1140
"Zuccini", 77.52, 582
"Naranja", 18.18, 840
"Durazno", 139.72, 776
"Lechuga", 43.10, 909
"Uva", 718.56, 312
"Calabaza", 22.13, 792
"Kinoto", 37.28, 206
"Champignon", 3612.06, 110
"Esparrago", 582.58, 182
"TomCherry", 582.55, 164
"Kinoto", 35.10, 182
"Sandia", 68.19, 1026
"Uva", 678.68, 306
"Pomelo", 43.91, 1026
"Pomelo", 46.03, 999
"Mandarina", 23.17, 890
"Lima", 1021.20, 192
"Apio", 66.84, 357
"Cebolla", 62.58, 936
"Zanahoria", 29.73, 552
"TomCherry", 512.15, 216
"Uva", 716.52, 279
"Acelga", 20.78, 756
"Caqui", 782.39, 99
"Pera", 162.90, 820
"Rabanito", 222.57, 300
"Brocoli", 359.68, 460
"Caqui", 837.12, 118
"Batata", 27.63, 840
"Pepino", 35.84, 460
"Limon", 333.15, 721
"Durazno", 141.25, 832
"Durazno", 272.83, 920
"Pepino", 36.71, 475
"Sandia", 37.61, 873
"Caqui", 768.53, 83
"Lechuga", 43.10, 981
"Cereza", 996.27, 210
"Brocoli", 364.20, 320
"Pera", 154.49, 1170
"Naranja", 19.80, 1180
"Brocoli", 367.05, 412
"Limon", 327.04, 651
"Kinoto", 32.77, 198
"Brocoli", 358.23, 356
"Calabaza", 27.25, 880
"Zuccini", 82.77, 540
"Higo", 2503.74, 82
"Durazno", 173.10, 832
"Palta", 460.55, 495
"Morron", 2803.48, 618
"Apio", 55.12, 285
"Naranja", 7.42, 1160
"Zanahoria", 28.67, 594
"Zanahoria", 37.87, 528
"Naranja", 15.36, 1030
"Kinoto", 33.78, 228
"Uva", 731.71, 297
"Batata", 21.27, 980
"Zanahoria", 30.62, 492
"TomCherry", 614.66, 168
"Naranja", 6.23, 1140
"Melon", 113.69, 420
"Manzana", 138.94, 1160
"Pera", 161.42, 990
"Berenjena", 52.83, 642
"Rabanito", 228.86, 276
"Brocoli", 366.24, 384
"Lima", 1215.11, 186
"TomCherry", 526.68, 174
"Champignon", 3519.66, 117
"Frutilla", 317.46, 264
"Caqui", 822.29, 90
"Brocoli", 387.08, 332
"Manzana", 129.42, 940
"Cereza", 1004.65, 166
"Cereza", 1090.45, 168
"Caqui", 860.94, 88
"Apio", 44.12, 270
"Zuccini", 77.26, 690
"Kiwi", 421.00, 420
"Mandarina", 18.80, 1200
"Higo", 2485.03, 82
"Coliflor", 30.01, 440
"Champignon", 3588.50, 100
"Kiwi", 442.98, 448
"Zuccini", 109.04, 540
"Cebolla", 58.86, 712
"Higo", 2562.71, 108
"Batata", 20.05, 1130
"Coliflor", 25.70, 440
"Kinoto", 28.32, 176
"Coliflor", 39.79, 600
"Frambuesa", 2032.91, 99
"Zanahoria", 37.39, 498
"Pepino", 40.77, 405
"Melon", 105.30, 400
"Palta", 463.58, 500
"Brocoli", 388.13, 432
"Frutilla", 293.10, 243
"Choclo", 55.31, 288
"Pomelo", 44.09, 810
"Alcachofa", 155.93, 306
"Manzana", 123.23, 870
"Uva", 686.75, 255
"Batata", 26.00, 910
"Brocoli", 344.38, 404
"Apio", 61.32, 327
"Pomelo", 51.14, 1035
"Coliflor", 36.66, 400
"Frutilla", 295.56, 258
"Durazno", 134.25, 816
"Brocoli", 350.48, 372
"Limon", 343.62, 560
"Batata", 20.34, 840
"Tomate", 737.87, 801
"Rabanito", 229.10, 324
"Lechuga", 37.04, 1026
"Kiwi", 457.32, 428
"Mandarina", 26.20, 970
"Champignon", 3446.21, 87
"Frutilla", 290.18, 246
"Brocoli", 366.30, 340
"Ajo", 877.21, 81
"Ciruela", 960.53, 828
"Limon", 310.40, 651
"Pera", 164.54, 810
"Apio", 45.14, 360
"Pera", 144.97, 1020
"Papa", 19.47, 1050
"Esparrago", 557.60, 224
"Pera", 146.61, 1160
"Lima", 1360.29, 166
"Caqui", 850.10, 113
"Rabanito", 203.12, 246
"Naranja", 12.28, 1110
"Melon", 97.64, 444
"Morron", 2871.51, 666
"Pomelo", 28.49, 882
"Naranja", 15.11, 930
"Zuccini", 94.92, 558
"Choclo", 40.92, 300
"Uva", 650.57, 297
"Alcachofa", 135.73, 333
"Lima", 1043.05, 204
"Naranja", 12.93, 910
"Durazno", 312.27, 776
"Lima", 1042.84, 240
"Naranja", 20.15, 1040
"Tomate", 782.82, 891
"Ciruela", 972.35, 747
"Naranja", 12.69, 1080
"Naranja", 15.13, 820
"Caqui", 824.09, 88
"Zuccini", 76.02, 672
"Durazno", 165.79, 960
"Apio", 58.59, 324
"Rabanito", 229.70, 315
"Frambuesa", 2026.54, 95
"Berenjena", 54.39, 684
"Palta", 455.98, 400
"Berenjena", 45.36, 660
"TomCherry", 574.19, 172
"Berenjena", 52.35, 636
"Durazno", 286.39, 864
"Kiwi", 452.84, 468
"Durazno", 137.68, 752
"Palta", 1167.07, 380
"Berenjena", 50.63, 708
"Cebolla", 61.90, 856
"Kinoto", 41.66, 224
"Pepino", 24.97, 400
"Berenjena", 57.10, 636
"Cebolla", 75.68, 792
"Papa", 14.27, 1150
"Palta", 1102.20, 360
"Naranja", 10.04, 970
"Lima", 1346.71, 220
"Alcachofa", 165.63, 348
"Mandarina", 21.54, 1080
"Pepino", 48.83, 410
"Berenjena", 65.50, 696
"Pepino", 36.85, 590
"Caqui", 849.40, 97
"Durazno", 151.56, 912
"Zuccini", 80.74, 678
"Calabaza", 21.01, 680
"Lima", 1223.01, 230
"Ajo", 888.09, 118
"Durazno", 161.91, 760
"Choclo", 58.13, 315
"Morron", 2977.20, 564
"Higo", 2537.85, 89
"Limon", 330.28, 735
"Batata", 16.28, 1000
"Kinoto", 39.31, 210
"Papa", 16.23, 1000
"Frambuesa", 2144.60, 116
"Pepino", 21.83, 535
"Naranja", 16.66, 1050
"Lechuga", 47.79, 738
"Sandia", 66.36, 963
"Lima", 1239.58, 194
"Kiwi", 434.38, 436
"Pera", 148.37, 930
"Pomelo", 43.62, 900
"Alcachofa", 150.31, 279
"Uva", 673.10, 264
"Mandarina", 18.41, 850
"Durazno", 136.45, 928
"Lima", 1063.80, 224
"Mandarina", 11.62, 870
"Apio", 69.80, 336
"Calabaza", 20.03, 792
"Lima", 1247.26, 208
"Berenjena", 66.62, 492
"Berenjena", 56.30, 498
"Choclo", 62.19, 294
"Apio", 53.54, 336
"Acelga", 25.61, 972
"Ajo", 939.63, 94
"Pera", 142.06, 1010
"Zanahoria", 35.51, 486
"Durazno", 285.88, 816
"Brocoli", 374.78, 320
"Acelga", 19.86, 972
"Ciruela", 963.40, 756
"Lima", 1191.67, 182
"Batata", 18.64, 890
"Caqui", 807.64, 111
"Durazno", 158.94, 864
"Frambuesa", 2062.65, 84
"Ciruela", 993.18, 738
"Durazno", 180.63, 760
"Naranja", 11.44, 940
"Champignon", 3586.46, 112
"Ciruela", 954.04, 981
"Tomate", 749.05, 1008
"Durazno", 248.37, 808
"Alcachofa", 132.55, 312
"Naranja", 10.59, 1180
"Palta", 512.83, 540
"Naranja", 7.15, 1060
"Zanahoria", 31.34, 564
"Lima", 1390.06, 198
"Batata", 24.49, 1150
"Mandarina", 11.44, 830
"Caqui", 814.84, 108
"Choclo", 65.18, 291
"Ciruela", 926.86, 846
"Limon", 313.80, 735
"TomCherry", 559.55, 172
